farm_id,farm_name,crop,harvest_kg,hectares,date,rainfall_mm,temperature_c,livestock_type,livestock_count
Farm_0,Farm_0,Rice,81144.19,47.18,2024-01-01,45.55,33.6,Cattle,134
Farm_1,Farm_1,Cassava,41191.01,16.05,2024-01-02,36.12,31.8,Goat,79
Farm_2,Farm_2,Rice,27950.57,13.49,2024-01-03,23.89,33.5,Cattle,138
Farm_3,Farm_3,Rice,17046.05,11.91,2024-01-04,20.34,22.4,Sheep,103
Farm_4,Farm_4,Wheat,76017.9,39.52,2024-01-05,24.07,32.0,Sheep,25
Farm_5,Farm_5,Wheat,6423.5,11.62,2024-01-06,30.73,27.3,Sheep,37
Farm_6,Farm_6,Maize,63513.23,40.48,2024-01-07,9.99,28.9,Cattle,73
Farm_7,Farm_7,Wheat,54217.43,36.9,2024-01-08,12.64,20.6,Poultry,49
Farm_8,Farm_8,Maize,12548.01,21.67,2024-01-09,12.77,23.1,Poultry,170
Farm_9,Farm_9,Cassava,40948.66,25.1,2024-01-10,10.6,29.9,Sheep,68
Farm_10,Farm_10,Cassava,127517.93,45.55,2024-01-11,38.91,28.2,Poultry,146
Farm_11,Farm_11,Cassava,88117.95,39.76,2024-01-12,44.84,21.1,Poultry,32
Farm_12,Farm_12,Rice,6173.19,8.54,2024-01-13,22.89,28.1,Poultry,73
Farm_13,Farm_13,Wheat,58851.23,37.7,2024-01-14,3.43,25.6,Sheep,38
Farm_14,Farm_14,Cassava,43211.93,20.75,2024-01-15,9.65,28.2,Goat,60
Farm_15,Farm_15,Rice,87150.59,49.58,2024-01-16,47.35,34.4,Goat,188
Farm_16,Farm_16,Maize,5715.05,11.37,2024-01-17,5.06,23.8,Goat,41
Farm_17,Farm_17,Maize,56943.56,21.11,2024-01-18,44.74,26.6,Goat,133
Farm_18,Farm_18,Cassava,78291.47,47.22,2024-01-19,14.49,29.6,Cattle,182
Farm_19,Farm_19,Rice,41613.33,29.43,2024-01-20,14.74,33.0,Goat,170
Farm_0,Farm_0,Rice,108358.97,37.05,2024-01-21,17.24,34.5,Sheep,24
Farm_1,Farm_1,Rice,66817.92,30.63,2024-01-22,37.51,30.8,Cattle,61
Farm_2,Farm_2,Cassava,33738.97,12.34,2024-01-23,43.86,20.0,Poultry,190
Farm_3,Farm_3,Beans,3114.64,3.67,2024-01-24,46.27,27.5,Goat,161
Farm_4,Farm_4,Rice,7293.2,5.66,2024-01-25,16.35,32.1,Goat,149
Farm_5,Farm_5,Beans,15043.91,18.65,2024-01-26,10.83,22.4,Goat,179
Farm_6,Farm_6,Rice,10676.67,5.51,2024-01-27,22.64,27.7,Cattle,109
Farm_7,Farm_7,Cassava,7486.61,9.33,2024-01-28,0.06,30.6,Cattle,74
Farm_8,Farm_8,Rice,57466.91,24.81,2024-01-29,36.03,31.8,Poultry,121
Farm_9,Farm_9,Wheat,31297.13,18.4,2024-01-30,20.67,25.2,Goat,89
Farm_10,Farm_10,Cassava,23742.77,28.55,2024-01-31,33.76,20.5,Cattle,52
Farm_11,Farm_11,Cassava,12048.76,17.82,2024-02-01,42.0,21.3,Goat,90
Farm_12,Farm_12,Rice,68957.03,28.25,2024-02-02,33.17,23.9,Cattle,59
Farm_13,Farm_13,Beans,64235.72,32.51,2024-02-03,3.32,26.5,Goat,167
Farm_14,Farm_14,Wheat,57598.04,42.86,2024-02-04,13.34,26.7,Goat,147
Farm_15,Farm_15,Maize,3298.56,2.64,2024-02-05,19.64,34.1,Cattle,193
Farm_16,Farm_16,Cassava,70751.42,37.79,2024-02-06,43.78,23.7,Poultry,171
Farm_17,Farm_17,Beans,16071.51,19.31,2024-02-07,13.02,33.8,Cattle,41
Farm_18,Farm_18,Rice,27882.44,13.21,2024-02-08,47.27,22.0,Sheep,4
Farm_19,Farm_19,Maize,10056.76,6.46,2024-02-09,4.93,31.3,Poultry,49
Farm_0,Farm_0,Wheat,31133.06,27.4,2024-02-10,15.47,25.8,Cattle,189
Farm_1,Farm_1,Cassava,46944.84,35.6,2024-02-11,36.64,24.2,Goat,153
Farm_2,Farm_2,Maize,39634.22,49.99,2024-02-12,35.81,24.2,Poultry,181
Farm_3,Farm_3,Rice,43103.71,16.22,2024-02-13,30.31,29.0,Goat,100
Farm_4,Farm_4,Beans,120315.09,49.14,2024-02-14,17.73,21.7,Goat,55
Farm_5,Farm_5,Cassava,25127.99,26.82,2024-02-15,30.69,22.5,Goat,49
Farm_6,Farm_6,Cassava,84134.58,44.85,2024-02-16,35.65,23.8,Sheep,26
Farm_7,Farm_7,Beans,3867.05,5.43,2024-02-17,0.68,28.4,Poultry,20
Farm_8,Farm_8,Wheat,5664.51,3.77,2024-02-18,11.68,21.6,Goat,87
Farm_9,Farm_9,Beans,16040.05,22.51,2024-02-19,49.02,33.8,Goat,45
Farm_10,Farm_10,Beans,2087.88,2.1,2024-02-20,10.55,25.2,Goat,193
Farm_11,Farm_11,Maize,9417.62,16.05,2024-02-21,19.6,25.5,Cattle,45
Farm_12,Farm_12,Maize,4838.79,2.47,2024-02-22,30.13,22.7,Poultry,61
Farm_13,Farm_13,Wheat,74173.11,41.11,2024-02-23,37.46,26.5,Poultry,174
Farm_14,Farm_14,Cassava,11611.24,4.96,2024-02-24,19.4,33.1,Sheep,122
Farm_15,Farm_15,Cassava,29911.74,28.11,2024-02-25,11.19,32.1,Poultry,103
Farm_16,Farm_16,Beans,74496.92,48.46,2024-02-26,33.18,22.7,Goat,181
Farm_17,Farm_17,Beans,48607.56,24.06,2024-02-27,49.0,20.7,Cattle,159
Farm_18,Farm_18,Cassava,33152.89,16.2,2024-02-28,23.41,32.5,Sheep,34
Farm_19,Farm_19,Wheat,47420.25,42.97,2024-02-29,25.98,28.8,Poultry,181
Farm_0,Farm_0,Wheat,72530.79,37.23,2024-03-01,47.71,26.8,Goat,69
Farm_1,Farm_1,Maize,10882.06,7.74,2024-03-02,28.36,21.8,Cattle,144
Farm_2,Farm_2,Maize,51342.86,22.12,2024-03-03,30.07,25.2,Poultry,54
Farm_3,Farm_3,Cassava,53517.68,18.47,2024-03-04,49.07,29.4,Goat,150
Farm_4,Farm_4,Rice,85229.21,40.38,2024-03-05,24.92,22.2,Poultry,8
Farm_5,Farm_5,Wheat,67188.56,25.04,2024-03-06,47.93,29.8,Cattle,114
Farm_6,Farm_6,Beans,49472.26,21.57,2024-03-07,11.76,26.2,Cattle,83
Farm_7,Farm_7,Beans,44274.74,21.59,2024-03-08,47.47,23.2,Sheep,9
Farm_8,Farm_8,Maize,52399.29,36.41,2024-03-09,27.01,30.8,Cattle,176
Farm_9,Farm_9,Maize,108817.79,48.76,2024-03-10,41.05,26.5,Cattle,117
Farm_10,Farm_10,Beans,91336.62,32.18,2024-03-11,47.88,30.1,Poultry,45
Farm_11,Farm_11,Maize,36030.47,21.86,2024-03-12,8.51,27.1,Sheep,47
Farm_12,Farm_12,Rice,29651.86,31.33,2024-03-13,49.79,29.3,Sheep,156
Farm_13,Farm_13,Rice,117356.23,49.93,2024-03-14,33.62,35.0,Cattle,127
Farm_14,Farm_14,Rice,84417.37,45.12,2024-03-15,3.8,25.9,Poultry,75
Farm_15,Farm_15,Cassava,4583.57,5.6,2024-03-16,9.66,24.0,Goat,155
Farm_16,Farm_16,Maize,19768.43,12.84,2024-03-17,18.29,34.6,Goat,77
Farm_17,Farm_17,Maize,28571.97,27.64,2024-03-18,44.11,29.3,Cattle,197
Farm_18,Farm_18,Wheat,27762.41,24.39,2024-03-19,13.86,23.2,Poultry,30
Farm_19,Farm_19,Maize,54183.45,21.97,2024-03-20,16.22,29.3,Sheep,24
Farm_0,Farm_0,Maize,20782.5,17.06,2024-03-21,13.75,20.0,Sheep,123
Farm_1,Farm_1,Beans,53013.47,41.45,2024-03-22,49.15,34.4,Sheep,160
Farm_2,Farm_2,Maize,61710.14,26.62,2024-03-23,33.47,29.1,Cattle,163
Farm_3,Farm_3,Wheat,4309.56,3.29,2024-03-24,6.35,34.0,Cattle,13
Farm_4,Farm_4,Cassava,66752.58,29.11,2024-03-25,1.63,30.1,Poultry,17
Farm_5,Farm_5,Cassava,43141.13,49.28,2024-03-26,12.98,23.5,Goat,156
Farm_6,Farm_6,Cassava,18633.92,19.33,2024-03-27,24.08,25.7,Poultry,70
Farm_7,Farm_7,Wheat,37711.15,19.71,2024-03-28,45.32,31.5,Goat,87
Farm_8,Farm_8,Wheat,93807.12,42.47,2024-03-29,25.23,26.5,Sheep,136
Farm_9,Farm_9,Rice,57839.3,29.97,2024-03-30,9.8,22.5,Goat,181
Farm_10,Farm_10,Rice,13921.43,27.15,2024-03-31,42.74,25.2,Goat,88
Farm_11,Farm_11,Beans,22016.99,10.09,2024-04-01,34.32,34.3,Goat,125
Farm_12,Farm_12,Cassava,45075.56,28.27,2024-04-02,31.25,30.8,Goat,26
Farm_13,Farm_13,Rice,16378.64,8.97,2024-04-03,16.81,28.7,Sheep,13
Farm_14,Farm_14,Beans,45170.4,28.91,2024-04-04,10.3,24.7,Sheep,154
Farm_15,Farm_15,Wheat,106045.64,39.26,2024-04-05,16.31,25.1,Sheep,32
Farm_16,Farm_16,Cassava,11285.77,4.9,2024-04-06,43.67,22.5,Poultry,37
Farm_17,Farm_17,Beans,24149.62,38.55,2024-04-07,13.42,28.9,Cattle,198
Farm_18,Farm_18,Rice,108175.88,41.05,2024-04-08,34.69,24.2,Poultry,170
Farm_19,Farm_19,Cassava,11808.0,4.86,2024-04-09,29.46,27.2,Goat,127
Farm_0,Farm_0,Maize,64529.01,41.65,2024-04-10,31.83,20.5,Goat,42
Farm_1,Farm_1,Beans,6088.85,3.77,2024-04-11,5.19,24.1,Poultry,156
Farm_2,Farm_2,Beans,121786.3,47.02,2024-04-12,47.72,25.6,Goat,147
Farm_3,Farm_3,Cassava,26031.02,17.07,2024-04-13,4.14,20.6,Goat,37
Farm_4,Farm_4,Maize,9517.23,17.68,2024-04-14,48.92,25.8,Cattle,165
Farm_5,Farm_5,Beans,26235.82,19.01,2024-04-15,49.04,20.4,Goat,62
Farm_6,Farm_6,Cassava,27913.97,14.92,2024-04-16,47.16,28.1,Poultry,55
Farm_7,Farm_7,Rice,14676.24,5.31,2024-04-17,17.84,31.3,Sheep,178
Farm_8,Farm_8,Beans,47966.16,28.76,2024-04-18,46.87,34.2,Sheep,5
Farm_9,Farm_9,Rice,3121.53,5.13,2024-04-19,34.3,22.8,Goat,156
Farm_10,Farm_10,Cassava,60288.97,20.46,2024-04-20,30.17,31.3,Cattle,87
Farm_11,Farm_11,Beans,15300.4,7.79,2024-04-21,28.72,34.3,Sheep,74
Farm_12,Farm_12,Rice,89581.42,31.45,2024-04-22,9.47,23.6,Poultry,154
Farm_13,Farm_13,Wheat,8958.57,12.7,2024-04-23,11.57,32.3,Sheep,18
Farm_14,Farm_14,Maize,13451.19,5.2,2024-04-24,2.47,30.0,Goat,175
Farm_15,Farm_15,Rice,2984.85,1.83,2024-04-25,13.76,28.8,Poultry,80
Farm_16,Farm_16,Maize,61011.99,40.93,2024-04-26,0.03,33.8,Poultry,123
Farm_17,Farm_17,Cassava,45755.58,17.22,2024-04-27,2.22,27.5,Cattle,10
Farm_18,Farm_18,Rice,65716.34,41.34,2024-04-28,32.09,32.9,Poultry,187
Farm_19,Farm_19,Maize,24085.64,45.17,2024-04-29,22.67,28.3,Goat,105
Farm_0,Farm_0,Maize,9534.88,3.54,2024-04-30,20.3,27.1,Poultry,40
Farm_1,Farm_1,Maize,14790.59,9.05,2024-05-01,16.64,29.8,Cattle,154
Farm_2,Farm_2,Beans,13476.86,5.72,2024-05-02,48.01,35.0,Poultry,114
Farm_3,Farm_3,Rice,12083.21,9.48,2024-05-03,12.07,32.6,Poultry,153
Farm_4,Farm_4,Wheat,38960.25,13.4,2024-05-04,29.78,24.8,Cattle,72
Farm_5,Farm_5,Cassava,26450.84,10.78,2024-05-05,43.39,22.0,Cattle,92
Farm_6,Farm_6,Wheat,18358.72,9.21,2024-05-06,37.67,22.7,Poultry,150
Farm_7,Farm_7,Rice,62235.94,42.05,2024-05-07,6.14,31.7,Cattle,77
Farm_8,Farm_8,Wheat,115728.13,44.89,2024-05-08,7.07,30.9,Sheep,82
Farm_9,Farm_9,Cassava,57199.07,40.52,2024-05-09,8.64,22.1,Sheep,58
Farm_10,Farm_10,Rice,46110.43,43.88,2024-05-10,9.66,22.7,Cattle,31
Farm_11,Farm_11,Cassava,18124.72,26.58,2024-05-11,25.57,30.9,Goat,194
Farm_12,Farm_12,Wheat,11787.63,7.66,2024-05-12,48.88,26.2,Sheep,26
Farm_13,Farm_13,Cassava,10097.58,7.85,2024-05-13,46.31,25.7,Cattle,127
Farm_14,Farm_14,Rice,12635.03,18.79,2024-05-14,28.65,22.4,Cattle,21
Farm_15,Farm_15,Rice,7070.6,3.52,2024-05-15,38.3,30.8,Cattle,130
Farm_16,Farm_16,Maize,45205.77,19.56,2024-05-16,9.31,22.6,Sheep,51
Farm_17,Farm_17,Wheat,13501.76,18.12,2024-05-17,2.92,33.0,Goat,125
Farm_18,Farm_18,Cassava,38709.05,15.8,2024-05-18,34.18,30.1,Cattle,164
Farm_19,Farm_19,Rice,11759.13,19.84,2024-05-19,9.22,30.4,Poultry,144
Farm_0,Farm_0,Wheat,116181.23,46.72,2024-05-20,3.52,22.7,Sheep,198
Farm_1,Farm_1,Rice,8755.23,3.56,2024-05-21,42.67,32.0,Cattle,72
Farm_2,Farm_2,Maize,81844.42,29.82,2024-05-22,28.34,29.5,Poultry,180
Farm_3,Farm_3,Rice,119479.03,41.35,2024-05-23,17.85,20.2,Sheep,194
Farm_4,Farm_4,Beans,83670.22,42.77,2024-05-24,18.44,29.4,Cattle,79
Farm_5,Farm_5,Wheat,32386.23,13.28,2024-05-25,40.6,20.5,Goat,79
Farm_6,Farm_6,Cassava,54592.71,20.11,2024-05-26,18.07,23.3,Poultry,176
Farm_7,Farm_7,Maize,94638.34,39.83,2024-05-27,36.4,33.0,Sheep,82
Farm_8,Farm_8,Cassava,45198.08,42.31,2024-05-28,46.54,26.1,Goat,117
Farm_9,Farm_9,Cassava,33106.26,14.37,2024-05-29,0.42,24.1,Goat,76
Farm_10,Farm_10,Beans,55184.66,26.1,2024-05-30,32.87,33.6,Goat,117
Farm_11,Farm_11,Maize,16532.52,5.65,2024-05-31,7.73,30.7,Sheep,17
Farm_12,Farm_12,Cassava,33791.25,45.77,2024-06-01,0.62,25.0,Cattle,166
Farm_13,Farm_13,Rice,71598.27,36.5,2024-06-02,24.99,31.6,Cattle,70
Farm_14,Farm_14,Rice,99414.77,41.36,2024-06-03,14.41,26.1,Goat,11
Farm_15,Farm_15,Beans,19606.61,13.6,2024-06-04,35.16,28.1,Sheep,11
Farm_16,Farm_16,Maize,2660.58,1.15,2024-06-05,11.56,34.2,Poultry,16
Farm_17,Farm_17,Cassava,8059.5,13.36,2024-06-06,32.98,24.8,Poultry,20
Farm_18,Farm_18,Maize,22170.25,28.85,2024-06-07,18.91,21.9,Sheep,169
Farm_19,Farm_19,Rice,39453.3,19.68,2024-06-08,22.92,34.1,Sheep,37
Farm_0,Farm_0,Cassava,17942.0,8.3,2024-06-09,8.17,33.5,Sheep,117
Farm_1,Farm_1,Cassava,54344.6,20.94,2024-06-10,20.62,22.9,Sheep,43
Farm_2,Farm_2,Maize,17930.81,25.34,2024-06-11,30.17,22.7,Poultry,181
Farm_3,Farm_3,Rice,3531.24,4.08,2024-06-12,25.99,33.0,Cattle,73
Farm_4,Farm_4,Rice,53699.77,43.92,2024-06-13,42.91,34.3,Sheep,143
Farm_5,Farm_5,Cassava,102324.17,41.38,2024-06-14,5.7,31.8,Sheep,21
Farm_6,Farm_6,Cassava,25843.22,38.11,2024-06-15,5.46,20.5,Poultry,172
Farm_7,Farm_7,Beans,25250.43,10.11,2024-06-16,40.43,22.0,Cattle,171
Farm_8,Farm_8,Beans,139374.34,48.21,2024-06-17,0.36,25.3,Cattle,198
Farm_9,Farm_9,Cassava,20043.62,7.05,2024-06-18,5.86,25.5,Cattle,42
Farm_10,Farm_10,Cassava,47689.21,22.45,2024-06-19,4.73,28.4,Cattle,194
Farm_11,Farm_11,Wheat,74257.49,26.89,2024-06-20,4.22,32.0,Poultry,129
Farm_12,Farm_12,Beans,18364.93,11.5,2024-06-21,22.19,31.0,Poultry,123
Farm_13,Farm_13,Maize,36849.59,17.93,2024-06-22,2.77,33.3,Poultry,129
Farm_14,Farm_14,Maize,104154.8,46.56,2024-06-23,9.43,24.9,Goat,66
Farm_15,Farm_15,Cassava,59752.44,35.22,2024-06-24,21.45,25.3,Goat,81
Farm_16,Farm_16,Wheat,14833.17,5.42,2024-06-25,23.3,27.3,Goat,68
Farm_17,Farm_17,Cassava,87016.51,45.04,2024-06-26,34.19,34.5,Poultry,145
Farm_18,Farm_18,Beans,36821.96,14.9,2024-06-27,49.67,22.8,Poultry,112
Farm_19,Farm_19,Maize,20030.16,20.35,2024-06-28,10.49,28.4,Sheep,77
Farm_0,Farm_0,Cassava,39010.84,29.94,2024-06-29,38.34,28.0,Cattle,130
Farm_1,Farm_1,Cassava,8816.44,3.08,2024-06-30,47.93,26.2,Sheep,24
Farm_2,Farm_2,Cassava,8081.64,3.02,2024-07-01,2.05,22.4,Poultry,76
Farm_3,Farm_3,Wheat,16389.28,9.73,2024-07-02,10.73,34.7,Poultry,177
Farm_4,Farm_4,Wheat,21692.35,31.44,2024-07-03,34.84,32.0,Sheep,24
Farm_5,Farm_5,Beans,40188.55,22.56,2024-07-04,22.22,25.1,Cattle,3
Farm_6,Farm_6,Rice,69693.89,32.3,2024-07-05,17.44,25.3,Sheep,123
Farm_7,Farm_7,Beans,19713.81,13.29,2024-07-06,13.18,22.8,Sheep,4
Farm_8,Farm_8,Cassava,49692.56,23.38,2024-07-07,39.59,28.1,Goat,92
Farm_9,Farm_9,Cassava,2951.44,4.25,2024-07-08,42.24,20.7,Cattle,72
Farm_10,Farm_10,Maize,23739.55,44.83,2024-07-09,12.35,21.9,Sheep,126
Farm_11,Farm_11,Cassava,61278.52,21.6,2024-07-10,39.33,20.6,Cattle,169
Farm_12,Farm_12,Rice,48263.8,19.97,2024-07-11,5.78,31.5,Poultry,135
Farm_13,Farm_13,Wheat,38154.54,43.2,2024-07-12,26.42,28.1,Sheep,66
Farm_14,Farm_14,Rice,4684.07,5.23,2024-07-13,36.03,29.3,Sheep,191
Farm_15,Farm_15,Wheat,36739.31,24.9,2024-07-14,1.56,20.2,Cattle,137
Farm_16,Farm_16,Beans,85364.5,38.38,2024-07-15,39.1,31.4,Goat,49
Farm_17,Farm_17,Rice,15113.49,17.63,2024-07-16,26.54,31.3,Poultry,111
Farm_18,Farm_18,Beans,27527.82,49.12,2024-07-17,30.0,20.2,Sheep,44
Farm_19,Farm_19,Beans,135929.98,48.66,2024-07-18,4.09,21.8,Cattle,9
